OBJECT ID,FILENAME,SUBJECT,SESSION,CHANNEL,F1,F2,F3,F4,F5,F6,F7,F8
0,1_970_bk_pic.pckl,sb2,se1,['F8'],43.71016487350041,1.0171261835674266,-0.6919836225615211,-1.4999999999999936,4.519744182988657,2.437808735247128,0.4350185575692157,-1.5
1,1_970_bk_pic.pckl,sb2,se1,['F4'],75.51057119636972,3.4971393825741557,-0.68373316145407,-1.5,6.827841702403011,3.9899949818244105,0.4108717981373925,-1.4999999999999998
2,1_970_bk_pic.pckl,sb2,se1,['Fz'],46.837646192361774,3.080422516153899,-0.7070221928155288,-1.4999999999999933,5.685357522166295,1.9183963135501787,0.5681645251096874,-1.5000000000000004
3,1_899_bk_pic.pckl,sb2,se1,['F8'],-1.0821080296880816,4.572524374038162,-0.142868882663443,-0.894427478131286,3.5118960416255662,1.3544528672898777,1.1944153858479503,2.0052253247862275
4,1_899_bk_pic.pckl,sb2,se1,['F4'],-2.2977693530621437,6.024035243730426,-1.5052202805887436,1.7600644121570275,2.365579769022965,1.1954883819173203,1.2213681411168171,1.9474545391929095
5,1_899_bk_pic.pckl,sb2,se1,['Fz'],-1.1584671449940978,3.307662043015714,-0.6176308949608477,0.2449465743201511,1.4859412322493202,0.7232519153224867,1.4294384528977355,2.8482745548061503
6,1_926_bk_pic.pckl,sb2,se1,['F8'],19.217179099424296,4.707445285661776,-0.7000323497852807,-1.499999999999999,6.158494254688631,2.143767219348731,-0.0725234620441694,-1.5000000000000004
7,1_926_bk_pic.pckl,sb2,se1,['F4'],53.19249660313965,10.91918979450523,-0.608776740044965,-1.4999999999999996,9.437256702827538,1.8278760624944626,-0.6178220175212777,-1.4999999999999991
8,1_926_bk_pic.pckl,sb2,se1,['Fz'],30.96599812748561,5.5211957126606555,-0.5861123520978222,-1.5000000000000007,4.759038278064528,1.0596820265388547,-0.6833096614337935,-1.4999999999999998
9,1_924_bk_pic.pckl,sb2,se1,['F8'],17.971343239983437,13.781917845319903,0.13794799773396585,-1.3885039282833567,5.315248606166926,0.9882852596627101,0.7115662855688604,-0.37389190956180185
10,1_924_bk_pic.pckl,sb2,se1,['F4'],23.56281493245696,19.946710174037438,0.15122631088416344,-1.3004353335650058,5.973362456890482,1.650623072748328,-0.026952154361314717,-0.8887131827869199
11,1_924_bk_pic.pckl,sb2,se1,['Fz'],14.319473752007568,10.749721179880703,0.11953774389432091,-1.2316999600308134,3.3699629227027708,1.0391826602623426,-0.21154643325425354,-1.0915594820420491
12,1_914_bk_pic.pckl,sb2,se1,['F8'],22.004786271067175,4.143753926025434,0.40199998130923226,-0.5184706414433844,4.69598460709614,1.6980886113417741,1.4308933038237774,2.041131574677668
13,1_914_bk_pic.pckl,sb2,se1,['F4'],33.13119671459612,5.573699788884454,1.5105670869682382,1.8867435902459695,3.760437709330037,2.0958751247258243,1.9777359875764087,3.367493921287898
14,1_914_bk_pic.pckl,sb2,se1,['Fz'],17.220952813780716,3.4214114561568327,0.03749948132621151,-0.20287291257447304,2.123078237890871,1.3180066020514691,2.1929914922568408,3.901679070922823
15,1_976_bk_pic.pckl,sb2,se1,['F8'],-2.1184456568517374,21.396852760965473,-0.32430146833119783,-1.1502359414415746,6.37486422858024,1.8277645071511075,-0.49037366667913035,-1.0530556641835433
16,1_976_bk_pic.pckl,sb2,se1,['F4'],-15.720561020077582,31.103855152372283,-0.23510365304692865,-1.1886109445802968,7.566144247772253,1.8161284433172658,-0.850749090236411,-0.612395231824983
17,1_976_bk_pic.pckl,sb2,se1,['Fz'],-7.282790626594888,17.06023034402061,-0.10017185827543655,-1.217196623032229,4.159316736924711,0.7000829497119464,-0.7965785479168745,-0.1871178959694655
18,1_954_bk_pic.pckl,sb2,se1,['F8'],24.205517491508328,9.059897384968174,-0.26785523333602085,-1.5036755855639956,4.040499132678154,1.1164540543009005,0.14758638574330168,-0.6462374268444822
19,1_954_bk_pic.pckl,sb2,se1,['F4'],37.15881014755698,8.982119056623823,-0.05058329118185713,-1.5119149685898543,3.3764147113621763,1.5115195942211217,0.56480964078975,-0.8608904600859262
20,1_954_bk_pic.pckl,sb2,se1,['Fz'],20.923740069976667,5.477760741335808,0.24325871836124402,-1.08438871188735,1.861662149344248,0.7901612007201781,0.7371765814550855,0.3112407086482505
21,1_904_bk_pic.pckl,sb2,se1,['F8'],-15.988030799084013,15.581248990894114,0.30699929716400803,-1.2598164576520046,5.370002442996687,1.2416679060856677,-0.27644605287358737,-1.457485273240572
22,1_904_bk_pic.pckl,sb2,se1,['F4'],-27.704822213896865,25.13366364603163,0.08718830846330441,-1.3687408229681253,6.260210700477579,1.0914644152000958,0.4309701731714331,-0.9819267904992794
23,1_904_bk_pic.pckl,sb2,se1,['Fz'],-16.523468803376904,16.30411771772183,0.19859280562706616,-1.4886600240920513,4.147742194546722,0.8540703825855992,0.15866406999295898,-1.4744983885756064
24,1_978_bk_pic.pckl,sb2,se1,['F8'],55.51022982789585,2.0299375709361116,-0.7067663653689127,-1.5000000000000036,7.355495249896325,1.6776665986661825,0.2107623752446219,-1.5000000000000002
25,1_978_bk_pic.pckl,sb2,se1,['F4'],82.71097379308452,4.972195165470432,-0.6670568340958299,-1.4999999999999976,9.06275945372615,3.607226406102724,0.15910938967960137,-1.5000000000000002
26,1_978_bk_pic.pckl,sb2,se1,['Fz'],49.14729695263157,3.6128339339692204,-0.668005926161159,-1.5000000000000022,5.475327739127465,2.0697683059136542,0.22587841681657586,-1.5000000000000002
27,1_974_bk_pic.pckl,sb2,se1,['F8'],-13.134077251018278,3.0304219184085603,-0.14136190204449542,-0.9489436586961331,3.4996308597674175,0.9200447025314039,0.2352794671908323,-0.7623945284010856
28,1_974_bk_pic.pckl,sb2,se1,['F4'],-20.27200025912667,4.21041339567842,-0.6965494181536468,-0.7936881320442679,2.9040106590229646,1.3752107671186684,1.2917384653912332,1.2709144973562827
29,1_974_bk_pic.pckl,sb2,se1,['Fz'],-11.42863021084635,2.911139966616157,-0.893630460393966,0.9229596149165213,1.771745266318598,0.7454258081078157,0.25399039861254713,-0.5553163770123897
30,1_950_bk_pic.pckl,sb2,se1,['F8'],43.48185744720655,4.105586455610497,-0.5534317212083922,-1.4999999999999998,5.093791568519847,1.9337284699192416,0.49238411278303623,-1.5000000000000002
31,1_950_bk_pic.pckl,sb2,se1,['F4'],72.90202097399715,3.88178791680076,-0.6006482464903535,-1.5000000000000033,6.698518248473956,3.776780992250485,0.617517031763382,-1.5000000000000002
32,1_950_bk_pic.pckl,sb2,se1,['Fz'],39.55408840177236,3.611580028245111,-0.44366183047165386,-1.5,4.105632512119509,1.1026458940646104,0.7070554376808585,-1.5000000000000002
33,1_903_bk_pic.pckl,sb2,se1,['F8'],1.7692181096144055,5.643639516074472,1.7775982385845681,2.59985664601382,4.329620025169861,1.1864954328770447,-0.06722403045363541,-0.440353499326096
34,1_903_bk_pic.pckl,sb2,se1,['F4'],4.177864797810723,9.67274932249909,2.3802911401049873,4.883260565526343,3.0255629799872437,1.1009659055487235,0.9440572352891934,1.8470179542733378
35,1_903_bk_pic.pckl,sb2,se1,['Fz'],2.8381169703870444,6.339782596516138,2.233332480998223,4.900080426360959,2.0353065733903692,0.7888491458941246,0.5047526562643507,-0.2344063885570158
36,1_922_bk_pic.pckl,sb2,se1,['F8'],19.46119971321895,10.118665495582169,-0.04022635820747836,-1.5922998734387896,3.8930897407341507,2.2691705039416363,0.800903274175597,-0.9201024139898126
37,1_922_bk_pic.pckl,sb2,se1,['F4'],24.869434375645298,8.090573498665554,-0.12451820301052745,-1.5356825466306168,3.304227674438771,2.540265669075257,1.3920034257296932,0.8766358922438235
38,1_922_bk_pic.pckl,sb2,se1,['Fz'],14.70494032574379,2.686617898582701,0.4603099151810867,-1.0238785416923906,2.1257248354670804,1.7783676142075286,1.803201586640753,1.9203724295969433
39,1_956_bk_pic.pckl,sb2,se1,['F8'],4.419944989628196,3.8540825406960386,0.62034606895552,-0.9281874905669087,3.6058179502270193,1.345808639989602,0.29421554582028214,-0.8298972531640625
40,1_956_bk_pic.pckl,sb2,se1,['F4'],0.3102825648815995,12.161613185941327,0.05498752691038418,-1.1990886976021446,4.0437973850898095,2.1639304814391833,0.7661477248133417,-0.5327705062353094
41,1_956_bk_pic.pckl,sb2,se1,['Fz'],-5.468081185606827,9.405773432741311,-0.22671409866315936,-1.314178172413265,3.845770828357359,1.4948342472709375,0.49953834209325676,-1.0867703192652907
42,1_918_bk_pic.pckl,sb2,se1,['F8'],-30.1583182924785,8.423929912510541,0.10409343230490586,-1.5,4.6076729325622505,1.9337327237970188,0.7008050111589825,-1.5000000000000007
43,1_918_bk_pic.pckl,sb2,se1,['F4'],-69.58162547855979,6.654384607040546,0.5222589363901635,-1.500000000000001,6.962555754142049,2.3485890223380186,0.703119164864583,-1.4999999999999991
44,1_918_bk_pic.pckl,sb2,se1,['Fz'],-41.29945301670258,4.096251155914629,0.5504953409121826,-1.5000000000000027,4.598294919936311,1.2733109458950267,0.3916941935753433,-1.5000000000000004
45,1_1336_bk_pic.pckl,sb2,se1,['F8'],1.888980515464902,5.80909102845317,0.22398509704613975,0.7234791994178074,4.932644733539117,1.6788484080558843,0.12709801561157347,0.021761722964716235
46,1_1336_bk_pic.pckl,sb2,se1,['F4'],4.312712133520239,10.2046083927632,1.3161849297583441,1.6309974974469004,3.886275899321041,2.1098142321893993,1.1326993929462486,1.1199909364560314
47,1_1336_bk_pic.pckl,sb2,se1,['Fz'],0.9727904809468104,3.3511576342079907,0.4170435341370398,0.06989946742809794,3.0198801551137535,1.2524925285994293,0.10339141217232097,-1.0387364382443047
48,1_1090_bk_pic.pckl,sb2,se1,['F8'],57.26630443293387,1.8087646714699301,-0.012304310080783556,-1.4999999999999998,8.408066103615809,2.1280398654888586,0.7069634973899589,-1.4999999999999991
49,1_1090_bk_pic.pckl,sb2,se1,['F4'],81.33445145993396,2.5766547695167072,0.5691777227035248,-1.5000000000000082,11.078099793148281,3.4738104273988317,0.44141334119941794,-1.4999999999999993
50,1_1090_bk_pic.pckl,sb2,se1,['Fz'],42.44676881441766,2.398144057457036,0.3642791381470565,-1.4999999999999987,5.816429102394622,1.4005394692282698,0.5342360207170918,-1.500000000000001
51,1_1167_bk_pic.pckl,sb2,se1,['F8'],2.952823357404534,9.300471821032014,1.3467395939670257,1.9218182099355605,3.8848157735379316,1.6060086581607405,1.61715687926098,2.9613948915491815
52,1_1167_bk_pic.pckl,sb2,se1,['F4'],5.492317871619302,13.903986382357491,2.1747450042521916,4.697719858927908,3.086498516341138,1.5299575534983514,2.0770421997072246,5.9430944299624535
53,1_1167_bk_pic.pckl,sb2,se1,['Fz'],3.097751577985349,8.131502120739555,1.6078807501278873,2.3524440425770683,2.0365226861723897,1.244353107279474,1.8372161622905263,3.626907674814615
54,1_1082_bk_pic.pckl,sb2,se1,['F8'],-29.42448806615249,9.449633673696157,0.6439142616969517,-1.5000000000000009,7.375779891613756,3.9304769695756323,0.5373785987837262,-1.4999999999999993
55,1_1082_bk_pic.pckl,sb2,se1,['F4'],-53.13223509108818,16.36699359929807,0.5981221535019526,-1.5,11.418344530428323,2.2753431348478332,0.3051045712567143,-1.5000000000000002
56,1_1082_bk_pic.pckl,sb2,se1,['Fz'],-29.053443883962018,9.205434697209222,0.45028475797701956,-1.4999999999999993,7.260488208683408,0.44666700962653166,0.11371411925934984,-1.5000000000000004
57,1_1334_bk_pic.pckl,sb2,se1,['F8'],4.94541665977489,7.540690601329538,1.4323271885945963,2.065266072946952,5.305834032871189,1.4054294863269021,0.6161551898850148,-0.7275105515631695
58,1_1334_bk_pic.pckl,sb2,se1,['F4'],12.035047863807707,15.923441106875297,2.046805493324359,3.5529296495441427,4.641042005362409,1.3664839264302473,0.600868355262038,-0.6369659266210412
59,1_1334_bk_pic.pckl,sb2,se1,['Fz'],5.328934731192758,6.8615044811102015,2.0740472835703003,3.560347490718854,2.6175056168744226,1.0678660392400665,-0.22811364230548278,-0.7813356172705808
60,1_1319_bk_pic.pckl,sb2,se1,['F8'],-2.8905917749778314,8.781472805585125,-2.174630282668621,5.45419257887953,5.26863278574405,1.5472939528889877,0.27506118959184295,-0.40135809565998803
61,1_1319_bk_pic.pckl,sb2,se1,['F4'],-5.60381966160064,13.168248654535727,-2.652636797616471,7.01478870099735,3.3188229922810275,1.2947968345554077,0.7667266649008144,0.24487029057413334
62,1_1319_bk_pic.pckl,sb2,se1,['Fz'],-3.0068067320790886,6.779116790103168,-2.3194573806366052,5.546310744915148,2.492092211144694,1.0475175997131723,0.6206487902001558,-0.21601780954676464
63,1_1030_bk_pic.pckl,sb2,se1,['F8'],-34.16099713109796,10.134705681672568,0.6279892323738306,-1.5,7.288951462788876,0.9920593918794488,0.5065299153393635,-1.4999999999999993
64,1_1030_bk_pic.pckl,sb2,se1,['F4'],-47.40832088877644,16.29972198614711,0.565329373077631,-1.4999999999999991,10.525888324847024,1.2607133106879789,0.6510315812608438,-1.4999999999999998
65,1_1030_bk_pic.pckl,sb2,se1,['Fz'],-24.426159170603558,10.598869109899372,0.4345471001792248,-1.5000000000000004,6.792666308207359,1.2260619639612516,0.43030318884078483,-1.4999999999999991
66,1_1158_bk_pic.pckl,sb2,se1,['F8'],-25.692106118863247,2.662073219466084,0.7064066384001504,-1.5000000000000007,5.1005527994730135,1.1694402531802288,-0.1461491326689495,-1.5
67,1_1158_bk_pic.pckl,sb2,se1,['F4'],-48.796940609317936,2.6219066825977135,0.4099420539050238,-1.4999999999999938,8.124731996435125,2.5559415229278812,-0.6848294505432578,-1.5000000000000004
68,1_1158_bk_pic.pckl,sb2,se1,['Fz'],-27.53559692387604,1.0749526117279151,-0.6182780563656505,-1.500000000000008,4.6575808574749225,1.399743586707181,-0.7054159994010466,-1.500000000000001
69,1_1026_bk_pic.pckl,sb2,se1,['F8'],5.778671099151473,15.083043527487238,-0.18700079428019178,-1.3805991474039814,3.3780382362720345,1.7551787101640777,1.314462313506476,0.512793021776397
70,1_1026_bk_pic.pckl,sb2,se1,['F4'],9.956328632380847,21.67533450936537,0.011886096688805881,-1.2311589112602257,3.736402936901757,1.889127375120304,0.787089177493563,-0.09438652737582842
71,1_1026_bk_pic.pckl,sb2,se1,['Fz'],5.709007974426004,13.291387570334908,0.0295857045365349,-1.3402922757032936,2.394160716221595,1.1537891804743983,0.8048562159977806,-0.2264207672001577
72,1_1164_bk_pic.pckl,sb2,se1,['F8'],-13.126245589546516,19.210928379482255,-0.0378224113185855,-1.3839656499403201,6.642709594301697,2.370879443573715,0.44475779812195304,-1.0346059664640286
73,1_1164_bk_pic.pckl,sb2,se1,['F4'],-23.457024894993083,34.830474720100575,-0.09588829393730934,-1.3105423771837832,8.488249497148027,2.084449270198711,0.27843687787614985,-1.4195580581503635
74,1_1164_bk_pic.pckl,sb2,se1,['Fz'],-12.786599391085375,17.88656500163847,-0.020298057816716203,-1.2939204419998227,4.634537696367867,1.0491071173359587,0.41678413375442097,-1.3848704319142926
75,1_1080_bk_pic.pckl,sb2,se1,['F8'],-10.77186500144803,17.67278292173505,-0.12446823449721917,-1.3509412295335896,7.410355155131138,3.1065544360003834,0.038661886798432174,-1.1557166977757238
76,1_1080_bk_pic.pckl,sb2,se1,['F4'],-8.399056054408794,27.52125496673694,-0.04571460464495912,-1.323743245048538,7.8523177054193765,2.907805651825073,0.23001250588323333,-1.1217072101148198
77,1_1080_bk_pic.pckl,sb2,se1,['Fz'],-6.291697981277935,17.545790287007858,-0.03102026118103547,-1.3183985569857921,4.959520052073477,1.8597595841500159,-0.5762503591099134,-1.2553146475016195
78,1_1028_bk_pic.pckl,sb2,se1,['F8'],-2.1012276288495686,13.160309221974089,-0.20764214017545995,-1.4812247162737395,5.238116038507843,1.9998380274130172,-0.796082029057641,-1.174323212327673
79,1_1028_bk_pic.pckl,sb2,se1,['F4'],-0.02454329553753472,23.790436580341982,-0.10009002414629974,-1.3774903635713924,6.096856831433535,1.1695454527589575,0.14527239040387116,-1.7584722851476537
80,1_1028_bk_pic.pckl,sb2,se1,['Fz'],0.7542230737077512,14.59468901493093,-0.03525432751235584,-1.369641345381782,3.732461916632729,0.9002140655984276,0.5858878723899867,-1.2606545817511927
81,1_1328_bk_pic.pckl,sb2,se1,['F8'],2.782128288732883,6.738786904111465,0.8735747347148056,0.06691002773005161,5.686780584316646,1.8233081809093497,-0.3549736541749966,-0.7205566053068071
82,1_1328_bk_pic.pckl,sb2,se1,['F4'],4.501060756654594,10.190424566014302,1.3061154905233616,1.154249135355328,4.610433181428314,1.6809880360697216,0.6137799961101336,1.5332358843796001
83,1_1328_bk_pic.pckl,sb2,se1,['Fz'],1.1552521267517535,3.5144910295760154,0.7163783299232481,0.8483133478764704,2.2005570973446615,0.8413568238303702,0.07122694559077632,-0.8494747977806965
84,1_1132_bk_pic.pckl,sb2,se1,['F8'],0.2825493725005206,12.795876903762872,0.235822910926849,-1.2534549028774498,6.0846201008757115,1.9920451231970369,-0.4844872440513024,-0.9906509594358757
85,1_1132_bk_pic.pckl,sb2,se1,['F4'],-1.734890377218239,24.62717611139632,0.18481067845460245,-1.2806948405126695,7.642486904591838,2.5108980541428547,-0.3950997773463314,-1.1987984279745678
86,1_1132_bk_pic.pckl,sb2,se1,['Fz'],0.2864287055906942,15.643191050020791,0.3382052656877369,-1.1335901438846732,4.9309471944942835,0.9652190744535839,-0.5046813895177357,-1.4389603585943347
87,1_1006_bk_pic.pckl,sb2,se1,['F8'],-15.349840183005,5.041516963838063,-0.845608324370768,0.5864303067893473,3.5110279049160322,0.9500943797209495,2.1645499610943912,3.8610547334936287
88,1_1006_bk_pic.pckl,sb2,se1,['F4'],-32.88284614811582,6.811341296626333,-1.2325940056840152,0.6787094334142441,3.010017681458703,1.1564596228571626,0.9868445594926343,0.330109236994963
89,1_1006_bk_pic.pckl,sb2,se1,['Fz'],-21.908891842775375,5.137322578401925,-1.0549769781546177,0.2729901925319176,2.4340215118034525,1.0863006608410037,1.0996319505367596,0.2866641582154359
90,1_1342_bk_pic.pckl,sb2,se1,['F8'],2.9173786883245003,5.994351331699645,0.7444462309276586,-0.18548760314632506,5.622362468714366,2.6611003058455824,-0.058223082159124355,-1.100784145960186
91,1_1342_bk_pic.pckl,sb2,se1,['F4'],5.256660150087782,10.57956208662665,1.464200604577679,1.2298894757812375,4.373141755245569,2.1994316672291037,0.585289764768427,0.7766189597611848
92,1_1342_bk_pic.pckl,sb2,se1,['Fz'],1.2311205214582057,2.6198727400436006,0.1141489693594522,-0.491664135151451,2.7987358455155054,1.1384881912354594,0.14441696766301446,-0.9330414066716655
93,1_1154_bk_pic.pckl,sb2,se1,['F8'],-2.11467157091007,9.667431545203671,-0.6573133211428998,-0.6780554801752143,4.83692711581255,2.0360721164525093,0.4363067931650181,-0.3479600657073907
94,1_1154_bk_pic.pckl,sb2,se1,['F4'],1.2395481548503569,17.75995823222735,-0.33878126804232617,-0.7905048500077183,4.61243037972876,1.946181767579062,0.30022179340962724,-0.7392118893157753
95,1_1154_bk_pic.pckl,sb2,se1,['Fz'],3.6483405253098398,10.343652177799987,-0.4554382240300899,-0.7118987147725031,2.7283608974039226,1.135352491615301,0.18564863718940722,-0.9584402748788965
96,1_1315_bk_pic.pckl,sb2,se1,['F8'],1.3782734850474,5.443361188952462,1.349569333927461,1.615060584103495,4.044863132350062,0.9053630322324482,0.42917734728374957,-0.13189823568857806
97,1_1315_bk_pic.pckl,sb2,se1,['F4'],2.4374229493508133,6.863300370103147,2.066642166575139,4.144284326830045,2.217132203284825,1.311458132142744,2.5620131891504108,8.828227180604987
98,1_1315_bk_pic.pckl,sb2,se1,['Fz'],0.921311934883785,3.13305498622603,0.9083439925456683,0.8114820034511747,1.4759780621277538,0.7534428527087493,1.132959426031944,1.4433071741072308
99,1_1346_bk_pic.pckl,sb2,se1,['F8'],-6.657602162764699,10.29196061920425,-1.9756298989533783,3.8966507184590657,5.023667910165739,1.4993927325141367,0.8325055576450322,0.4046593218368497
100,1_1346_bk_pic.pckl,sb2,se1,['F4'],-14.182508205642199,17.05335418434548,-2.058019993111988,3.6178668266614284,3.5010740520748014,1.7446568614208053,1.557834073391952,2.2865110308360928
101,1_1346_bk_pic.pckl,sb2,se1,['Fz'],-6.13359378820714,7.415247540228033,-2.1915425136513402,4.009703477634681,2.396704972526095,0.8270260479944169,0.14857969248083353,0.31681814141761455
102,1_1130_bk_pic.pckl,sb2,se1,['F8'],-8.873221796200486,11.303207422461716,0.2067812987211643,-0.37981160090733823,6.179559751402636,1.2946051096551177,0.6693984795030963,0.2982279726921164
103,1_1130_bk_pic.pckl,sb2,se1,['F4'],-11.652712496704709,20.530283195295876,-0.2547187165878116,-0.601693736125867,5.998936261110869,1.6421646074784622,0.3467334751288689,-0.44961044030717456
104,1_1130_bk_pic.pckl,sb2,se1,['Fz'],-5.924579204200879,9.148700101169103,-0.45266537686950054,-0.5593585896186268,2.8122435604566265,0.7104129240177205,-0.26470631448972254,-0.9531912388703518
105,1_1156_bk_pic.pckl,sb2,se1,['F8'],15.090970581459294,17.16191225680196,-0.011476737529334967,-1.076545404847197,5.2022570627023565,1.7829463842109405,0.7610576078153011,-0.5734644113018108
106,1_1156_bk_pic.pckl,sb2,se1,['F4'],33.81451088430467,28.968545077338554,0.16396259273790567,-1.223110549744663,7.4592342463375045,1.0103296093488758,-0.36949853520827175,-0.3363517448576441
107,1_1156_bk_pic.pckl,sb2,se1,['Fz'],18.10441299296798,15.00142586372894,0.2530153209596093,-1.3093333216327476,3.9353727598117394,0.7132024418820495,1.1935267838026296,0.16124191450442993
108,1_1338_bk_pic.pckl,sb2,se1,['F8'],5.109618711956189,11.014245918089465,1.7521592602460039,2.8723025299030116,4.223079060358542,1.1305725232054453,-0.1451765796517672,-0.41969688935801974
109,1_1338_bk_pic.pckl,sb2,se1,['F4'],12.370658778474136,18.028700642346298,1.9516776668567763,3.059197841524682,3.351460069507374,1.5228760526120177,2.0102329543871913,5.112982877015655
110,1_1338_bk_pic.pckl,sb2,se1,['Fz'],6.232899938850644,8.789001750852242,1.8150367857663425,2.4665626051263487,2.3614541902700283,0.9195202403511104,1.0649223524172398,1.0361587384095792
111,1_1122_bk_pic.pckl,sb2,se1,['F8'],16.433625597280766,7.2157433883184465,-0.19767110966564902,-1.3406369939578542,6.839990196023595,3.4850882302276576,0.4800389307859692,-1.2531276608013393
112,1_1122_bk_pic.pckl,sb2,se1,['F4'],37.15657883514849,10.416410495622607,0.33091632876999943,-1.4662069011176428,5.784075412212511,2.2416617256392106,0.44785100065292216,-0.9082761194130979
113,1_1122_bk_pic.pckl,sb2,se1,['Fz'],19.172252671675903,5.075939974921517,0.24828640750941292,-1.4227518685069849,3.4183886251842153,1.1802054237091664,-0.5194123636207243,-0.6489025067185992
114,1_1332_bk_pic.pckl,sb2,se1,['F8'],-5.066489723057658,7.672091492846311,-0.8430139328794233,0.20536239603039563,5.803776236967185,2.730488928361299,1.4774765404326962,1.91461408390946
115,1_1332_bk_pic.pckl,sb2,se1,['F4'],-12.238214591283874,16.588423634516026,-1.8631200531072791,2.643488697536572,4.569467592051126,2.8126717649673574,1.5943071927781918,2.5507654012662693
116,1_1332_bk_pic.pckl,sb2,se1,['Fz'],-5.800657455349272,7.605183787125094,-1.9110159443395294,2.8033340589355946,3.394635146955673,1.3973324627222174,0.5109922165583481,-0.08085087114003953
117,1_1134_bk_pic.pckl,sb2,se1,['F8'],35.44334502718948,10.108300002473733,-0.22923398654361363,-1.5000000000000004,9.21025097544387,1.2654887988261008,0.6185119577467679,-1.4999999999999987
118,1_1134_bk_pic.pckl,sb2,se1,['F4'],62.62198021083677,17.98807313674021,-0.4501534493446592,-1.5,13.834481392991869,0.3853338010060746,-0.4574256957503326,-1.5
119,1_1134_bk_pic.pckl,sb2,se1,['Fz'],30.36156577316658,9.457169098625403,-0.44643432651762105,-1.5,6.308041366484022,0.947392948646301,-0.22037915429515495,-1.5
120,1_1078_bk_pic.pckl,sb2,se1,['F8'],5.193477158487619,15.032601232787078,-0.13776173014328313,-1.3345694695597872,5.543554302142966,2.1630668523858905,-0.35582355348436273,-0.5833279139162499
121,1_1078_bk_pic.pckl,sb2,se1,['F4'],11.204037508188936,23.783521023359476,0.0647317288529707,-1.1939844529998074,5.512656777352087,1.7790891589895075,-0.055221477206010686,-1.0925536677509116
122,1_1078_bk_pic.pckl,sb2,se1,['Fz'],7.325213773556288,11.54370869484011,-0.07282888016283752,-1.1511910972117831,2.764914505296101,0.9038282750917689,0.41883611767732404,-0.6462801812820853
123,1_1326_bk_pic.pckl,sb2,se1,['F8'],-5.57333931642395,7.9095521601991985,-0.43292827032555203,-0.48666022594933755,6.746783068727617,2.6488218613206524,0.296789377570404,-0.028404620238545064
124,1_1326_bk_pic.pckl,sb2,se1,['F4'],-12.49697105846789,16.54913933955078,-1.7499549923297841,2.2511432313310884,4.993750462681599,2.4127124493109218,0.9085089573416054,0.48850817988473416
125,1_1326_bk_pic.pckl,sb2,se1,['Fz'],-6.2431790377307115,8.795530521649999,-1.868576818457757,2.6305608523016675,2.714108145075963,1.443704849001991,1.7090691130123747,3.397179841107402
126,1_1340_bk_pic.pckl,sb2,se1,['F8'],-6.670497453333745,8.42246824299901,-1.5950212226648157,2.029137364805237,3.706233612955933,1.1208379036558553,0.2861630267201605,-0.6347248171810995
127,1_1340_bk_pic.pckl,sb2,se1,['F4'],-14.188594547067831,15.858705705021721,-1.9589474005201013,3.085445575268169,3.154758171586494,1.7026231332911657,1.8173101776859097,4.535564525908708
128,1_1340_bk_pic.pckl,sb2,se1,['Fz'],-6.6576416432661825,7.157146710673647,-1.8051470804698626,2.6637764678605746,2.312946155093406,0.9061483361239261,0.1614457198059277,-0.659951186217195
129,1_1324_bk_pic.pckl,sb2,se1,['F8'],7.633571443453447,10.025442211383986,1.571710637203821,2.0911872697473397,7.247327763813678,2.855814291421985,-0.14088985494369424,-0.7759034404945688
130,1_1324_bk_pic.pckl,sb2,se1,['F4'],12.842226565337153,17.44474669223009,1.915609502874699,3.0351681455676243,5.907406899729097,2.2267177646279777,0.4605670074150305,-0.667351565978139
131,1_1324_bk_pic.pckl,sb2,se1,['Fz'],6.428313820323206,8.746982341054872,2.041931319856174,3.4660828368426095,3.5570278105251254,1.402245580539193,0.30351538752925494,-0.7826400132616755
132,1_1171_bk_pic.pckl,sb2,se1,['F8'],2.359824843714742,5.870034749739089,1.0769352887440258,1.730850905830562,5.174695168492166,1.6870678830263353,1.0593366575642686,1.90786354975649
133,1_1171_bk_pic.pckl,sb2,se1,['F4'],3.4309300877570648,7.534529765481766,1.954422790114748,4.316727581544207,3.525067417653866,1.4437233335505943,1.4055371472241343,2.953552723542967
134,1_1171_bk_pic.pckl,sb2,se1,['Fz'],1.2987050907582294,3.425059209159527,1.1683276021067355,2.7739285897426837,2.3025697653343693,0.9528959202599687,0.02367088912206432,-0.8685209267781375
135,1_1008_bk_pic.pckl,sb2,se1,['F8'],6.927704566692726,11.575523428871938,-0.3357315706136661,-1.4936265330995466,7.951079222454415,2.5692792518717282,0.0015335313086700486,-1.4756225143093162
136,1_1008_bk_pic.pckl,sb2,se1,['F4'],4.34108995804825,20.361061293950073,-0.13581186835748507,-1.3781926767409856,7.206102858911976,2.514777491160718,0.0004211656052333823,-1.6862320463070464
137,1_1008_bk_pic.pckl,sb2,se1,['Fz'],5.92177893991705,14.457888827212322,0.0646183291369378,-1.269575136437134,3.6487282448603957,0.4602735376804494,-0.22448423246480262,-0.7518187837083952
138,1_1_bk_pic.pckl,sb1,se1,['F8'],2.1402641172178187,6.5174385283964105,0.6259728834178432,-0.18668615577364678,4.609233062317737,1.632007051485717,0.644967197434511,0.27168722026483394
139,1_1_bk_pic.pckl,sb1,se1,['F4'],3.306266116332505,7.392325416859122,2.073744772544761,4.358565820250623,3.030842229666956,1.3127734583944775,1.7032909935171106,5.474668572231277
140,1_1_bk_pic.pckl,sb1,se1,['Fz'],1.3083318463871927,2.796491381511462,2.593276296623179,6.411956649871371,0.6123615653564703,0.492890737596258,5.4090359107871,32.267119508409905
141,1_5_bk_pic.pckl,sb1,se1,['F8'],-0.7672128525012264,6.108584961482741,-0.4639669362434981,-0.2864134784798851,5.541135474717754,2.068444885050399,0.5988480590650606,-0.5109658531201307
142,1_5_bk_pic.pckl,sb1,se1,['F4'],-2.3529049825790116,6.710991235039542,-1.7819345672538285,3.1910950036716326,4.1263401798662525,1.5537882538540966,0.4925712970310709,0.16757229620857705
143,1_5_bk_pic.pckl,sb1,se1,['Fz'],-1.1336213511641489,2.6454556633879625,-2.683541989374091,6.6654524739429455,0.7088945565745106,0.5156211686049199,3.91288874849963,19.267040451600767
144,1_84_bk_pic.pckl,sb1,se1,['F8'],25.64327017860011,10.324209474295722,0.31554129190783986,-1.5806973046745887,6.774540980529304,2.4377520767395073,0.5738860098113007,-0.8836415603476584
145,1_84_bk_pic.pckl,sb1,se1,['F4'],37.230361132950414,11.062861250097255,0.7892439105828299,-0.7593139269241975,5.521809259687878,1.445028346280595,0.18269815893764807,-1.6473478696952153
146,1_84_bk_pic.pckl,sb1,se1,['Fz'],21.08124818088016,6.011395651557133,1.070748710278034,-0.07831859655675455,1.7269328135439528,0.8807416217517161,1.7920153585691432,2.5708741687224554
147,1_72_bk_pic.pckl,sb1,se1,['F8'],38.54060695957364,11.61586470679974,-0.31363736979961404,-1.5,10.283540365612863,2.523213934001999,-0.12470155138620537,-1.5000000000000002
148,1_72_bk_pic.pckl,sb1,se1,['F4'],37.57363696198319,13.530593513634706,-0.5372593528029306,-1.4999999999999996,10.070695610251615,0.5809680697581395,-0.39816267387771187,-1.4999999999999993
149,1_72_bk_pic.pckl,sb1,se1,['Fz'],23.537438121281905,10.09718454032256,-0.5583156327735027,-1.4999999999999991,6.519311747058431,0.520048904723085,-0.5912170613922964,-1.5000000000000013
150,1_70_bk_pic.pckl,sb1,se1,['F8'],-65.47106332894687,6.442538911061939,0.6063989316847689,-1.4462376606200007,11.053621296584822,3.018958523676077,-0.19942876102458237,-1.3734337791918714
151,1_70_bk_pic.pckl,sb1,se1,['F4'],-71.67671902858609,8.026904279509969,-0.22041036315848145,-1.082176531202938,6.593154776715028,1.932028061840381,0.14501967792802178,-1.5832208430153256
152,1_70_bk_pic.pckl,sb1,se1,['Fz'],-41.33088710783494,2.6734942025260557,0.036954427026339706,-0.9370380669482463,1.8969924313134954,1.0408767114879292,1.4116965022403098,0.4224557251412855
153,1_24_bk_pic.pckl,sb1,se1,['F8'],4.408134449340344,6.219548680927988,0.2605747478173335,-0.6188801792365348,5.559825323598854,1.1706158408221445,-0.6766527815999798,-0.4967079652489468
154,1_24_bk_pic.pckl,sb1,se1,['F4'],7.244261394861681,18.225577351071294,0.3440833461917162,-1.0140936878276277,4.823597308044568,1.454762718494364,0.3370945075477033,-1.3316469158217024
155,1_24_bk_pic.pckl,sb1,se1,['Fz'],5.590446190159084,11.280569147446213,0.27996112432778986,-1.0354619288282088,1.8474140207816057,0.8706123103163549,1.350735611269752,0.5320575121744215
156,1_68_bk_pic.pckl,sb1,se1,['F8'],-24.325313672732157,2.943145615872441,0.3214857979401734,-1.1688703192924652,4.868328146661556,1.8268752381545916,0.7959990102087506,-0.21773498000643654
157,1_68_bk_pic.pckl,sb1,se1,['F4'],-32.30807081861906,8.810806852482045,-0.8409952917530845,-0.443556851838514,3.7708136966927785,0.7825848474109378,-0.12281884446674456,-1.0420475067194228
158,1_68_bk_pic.pckl,sb1,se1,['Fz'],-20.784472379438323,6.265099206027811,-0.9461182197822919,-0.15356876553998333,1.587317000695488,1.0079799811238153,1.8710155088868676,2.9557251583324025
159,1_76_bk_pic.pckl,sb1,se1,['F8'],10.186688085929813,26.35659319826939,-0.09346659441925656,-1.0040335892848349,7.3166087583526345,2.846939831666853,0.8218365260362985,-0.5759982129621433
160,1_76_bk_pic.pckl,sb1,se1,['F4'],3.8220980604156995,31.179479017054557,-0.028078518711595026,-1.063954797893882,6.006354680697195,2.4009100981719262,0.5790571331651835,-0.9044699538145737
161,1_76_bk_pic.pckl,sb1,se1,['Fz'],-0.9568223751086358,17.676780860293523,-0.04256358193586491,-1.0727094609639376,2.5661506989150493,0.7922554553864924,0.09251074164612577,-0.6125640714144529
162,1_78_bk_pic.pckl,sb1,se1,['F8'],-44.222289946356454,8.181066168644932,-0.7833587882927826,-0.6754133726067111,7.285596549780478,2.2657800120717235,0.7356125817301071,-0.367075580231218
163,1_78_bk_pic.pckl,sb1,se1,['F4'],-43.73562789232858,3.9727476682137133,-0.4332007895906564,-0.9126485995391267,4.809147557966254,2.5970261019604743,1.5113028321793036,0.7433220454817109
164,1_78_bk_pic.pckl,sb1,se1,['Fz'],-23.482805343734785,4.240153525577927,-0.8562304474864215,-0.734937278416226,1.7703463891300555,1.1548473211177703,0.7481493860963141,-0.7712287468557504
165,1_26_bk_pic.pckl,sb1,se1,['F8'],5.751290318603256,21.732251733824217,-0.47614609710862543,-1.2918648867881735,6.9259964228128865,3.4496413805675328,0.48041681196974223,-1.4363639024804533
166,1_26_bk_pic.pckl,sb1,se1,['F4'],4.157762566493243,26.56352493668354,-0.21842638169372983,-1.411077395413626,7.304064055212446,3.6988300995199856,0.6448754392488809,-0.8959750467541832
167,1_26_bk_pic.pckl,sb1,se1,['Fz'],-1.0078337719688377,17.101782498234467,-0.11844172127838126,-1.3504263538806995,4.001493001560066,0.31387432132200194,-0.2785417378624027,-1.0061905160680984
168,1_80_bk_pic.pckl,sb1,se1,['F8'],-90.19575398712135,4.779507534727307,0.45885791113016494,-1.4999999999999982,14.204327933359657,4.837603004623812,0.5971264868629191,-1.5
169,1_80_bk_pic.pckl,sb1,se1,['F4'],-89.58557967906165,3.6576280432201234,-0.1448251939078855,-1.4999999999999987,12.903186346822688,4.411078814934071,0.6545420838605893,-1.5
170,1_80_bk_pic.pckl,sb1,se1,['Fz'],-43.60990853427787,2.1606330878700803,0.29752528380292753,-1.5000000000000013,5.711065058962991,2.097102706886269,-0.0018130168530738132,-1.4999999999999998
171,1_28_bk_pic.pckl,sb1,se1,['F8'],-23.032861509224432,16.279797419952775,0.1191228222746017,-1.5,9.83840529272086,4.621204647737871,0.6948334819807651,-1.4999999999999998
172,1_28_bk_pic.pckl,sb1,se1,['F4'],-48.59598993165542,20.035326345750644,0.2814846958560531,-1.5,12.25688223878995,3.353416949936966,0.6722630926541417,-1.4999999999999998
173,1_28_bk_pic.pckl,sb1,se1,['Fz'],-28.942911388891115,10.937370326314717,0.4626867986247832,-1.4999999999999998,6.998753719600138,0.7938086640389318,0.6607334850616109,-1.500000000000001
174,1_16_bk_pic.pckl,sb1,se1,['F8'],-12.447087323307908,11.833826515026635,-1.0949665685446388,0.2588964596601504,4.96882540883187,2.4486345807160443,0.5241183260404173,-0.7481813692219754
175,1_16_bk_pic.pckl,sb1,se1,['F4'],-22.11664730485957,10.637066715695001,-1.2065378154080508,0.22686970298807285,3.8688877291578354,1.9770531512815062,0.5826819523911573,-0.8838354980190055
176,1_16_bk_pic.pckl,sb1,se1,['Fz'],-20.33629397845478,5.952145366753294,-1.1791405021309327,0.37627907735985744,1.487665165751607,1.0773995518636796,1.6547447343686705,2.017120109559393
177,1_269_bk_pic.pckl,sb1,se1,['F8'],-0.5114322585640533,9.58152508200093,-0.19855517342405055,-0.1024935968712768,6.444672701711484,2.427435755848918,0.610235690135702,0.7599685783110872
178,1_269_bk_pic.pckl,sb1,se1,['F4'],8.159993123252804,19.223628536749,2.5262591007788813,6.203393978067435,4.253842686784295,1.9224361359120108,1.0286579650176206,1.4234282146247805
179,1_269_bk_pic.pckl,sb1,se1,['Fz'],3.2467447316103177,8.049251819192047,2.7617108913243196,7.2700416922457745,0.8684395019963107,0.7579710590434696,3.720383909376533,15.494733854819316
180,1_444_bk_pic.pckl,sb1,se1,['F8'],-4.101147143586341,8.76066371044259,-0.6067940742777443,0.9399792982663371,6.0644896003378435,3.383387172366638,1.467935370494579,2.2727814794779597
181,1_444_bk_pic.pckl,sb1,se1,['F4'],-5.491587277779987,11.2960810745316,-1.4886634998372472,2.137964603198121,4.7873703972877255,2.2366311572912907,1.677289465567194,3.699242537158635
182,1_444_bk_pic.pckl,sb1,se1,['Fz'],-1.345616842032625,4.705972741470813,-0.8487731133410924,0.49640702833166905,1.4734068858659837,0.9762748478590108,3.501015489657047,13.84280252680346
183,1_252_bk_pic.pckl,sb1,se1,['F8'],51.74387667885,4.235407436581522,-0.29593042627520716,-1.4999999999999993,7.888520640838283,2.2209617397260892,0.7031714974676941,-1.5000000000000007
184,1_252_bk_pic.pckl,sb1,se1,['F4'],59.33974234125117,1.1289447871896112,-0.4254953053456533,-1.5000000000000038,8.933720415554834,2.6976861586586587,-0.6156372447693217,-1.5000000000000004
185,1_252_bk_pic.pckl,sb1,se1,['Fz'],34.2269750192522,1.4683385360966437,0.4735658476620414,-1.4999999999999971,4.659776380810793,1.9142839709905084,-0.5877650894216047,-1.5000000000000002
186,1_274_bk_pic.pckl,sb1,se1,['F8'],29.378844682179096,26.948068930223876,-0.03663716187013034,-1.3615649966346555,9.122311195095074,2.5829868803422773,-0.14007546899040818,-1.779051502044783
187,1_274_bk_pic.pckl,sb1,se1,['F4'],42.17904635105688,35.66377311588445,0.07730820565279194,-1.3699061021492476,9.187026944258742,1.9114455199299207,0.47461517696049205,-1.168109679617225
188,1_274_bk_pic.pckl,sb1,se1,['Fz'],21.25019834900038,14.976277990765887,0.287106962820654,-1.1875984863630318,3.8132453702858946,0.6480877346754057,-0.1772290585763778,-1.3531004787076855
189,1_172_bk_pic.pckl,sb1,se1,['F8'],-38.36509005162798,13.602343036982901,-1.106826603659934,-0.2549866338646485,6.1197196925169655,2.6213629818368176,1.2763699820714693,1.0828495907367266
190,1_172_bk_pic.pckl,sb1,se1,['F4'],-41.4248085324643,13.405965102077563,-1.1659276732797226,0.11551459733012148,5.141714003132833,2.669804314825644,1.2233954981434436,0.30848143495571456
191,1_172_bk_pic.pckl,sb1,se1,['Fz'],-22.84879224307807,6.064712405666947,-1.2745850480067336,0.4941960303354227,1.6822531214711918,1.2229633519630876,1.8500678443002416,2.8576781459753535
192,1_417_bk_pic.pckl,sb1,se1,['F8'],6.024565953926732,13.875548924652476,2.1159961671443206,5.504873802676739,5.515814373323216,2.104439876376124,0.5202780682894879,-0.2879096849822935
193,1_417_bk_pic.pckl,sb1,se1,['F4'],5.4284021418328825,13.850774420365815,2.590892774496188,6.924681588159173,3.43918624328719,1.4694257379276205,0.6041058872819213,-0.22953021826459263
194,1_417_bk_pic.pckl,sb1,se1,['Fz'],4.459593117511635,9.71313519585865,2.632907203128094,6.591949535395422,1.3112655071364214,0.9211286606603692,3.3161144349427687,13.410271571743536
195,1_174_bk_pic.pckl,sb1,se1,['F8'],-52.542736931094886,7.469093757581261,0.2551401812627247,-1.4920239610413792,7.166458107424206,2.9199975378306022,0.6262959834273494,-0.7429762591165456
196,1_174_bk_pic.pckl,sb1,se1,['F4'],-80.38125354927567,7.345162590183666,-0.21595741162789903,-1.263422254358764,4.864061542988237,2.277574250375437,0.6991325868109377,-0.13442274590641068
197,1_174_bk_pic.pckl,sb1,se1,['Fz'],-44.086728888205734,3.0281100637980987,-0.39126920218775263,-1.479518000180208,2.0374058112648443,1.590911048052383,0.857563452506691,-0.4114315879418844
198,1_436_bk_pic.pckl,sb1,se1,['F8'],-2.8884968761659366,9.526912265898849,-0.27529362737326646,-0.7328395791634073,6.462623391012624,1.8125582602154557,0.371063288239428,-0.09658845682057704
199,1_436_bk_pic.pckl,sb1,se1,['F4'],-3.941635493532639,8.615771629555997,-1.2696833924802515,1.1613802624724894,3.9518224816980063,1.4591278231057403,1.0595792805413717,1.0886664137117306
200,1_436_bk_pic.pckl,sb1,se1,['Fz'],-0.724960715261616,3.9692799242106833,-0.7550012900239796,0.9664176723650244,1.4063362631864125,0.7319896317769556,2.274277498467305,6.837641277870437
201,1_184_bk_pic.pckl,sb1,se1,['F8'],-68.95743306752978,4.267472460789389,0.647588048194509,-1.499999999999993,8.94765956109138,4.00331502635003,0.6414243094137186,-1.5
202,1_184_bk_pic.pckl,sb1,se1,['F4'],-90.35611559072375,4.693047001081193,0.622014920751021,-1.500000000000005,11.383867970275082,4.487170649617084,0.7068919488616228,-1.4999999999999993
203,1_184_bk_pic.pckl,sb1,se1,['Fz'],-44.5519214792646,2.0181870737730123,0.4915047260183294,-1.499999999999998,5.56695673048615,2.034177862861011,0.1052433138840149,-1.5
204,1_234_bk_pic.pckl,sb1,se1,['F8'],-20.354046482862675,31.57188773912992,-0.1272160831757171,-1.5510031839369518,8.412874745102519,3.8833512080187282,1.0606166209423162,-0.3784706315923909
205,1_234_bk_pic.pckl,sb1,se1,['F4'],-24.575496485296597,41.13639991673331,-0.1451496449814003,-1.4087022932768272,9.398242084355148,2.6265128459262823,0.8055252219744231,-0.6045282174275695
206,1_234_bk_pic.pckl,sb1,se1,['Fz'],-9.327361338596349,20.76236763557198,-0.1895199641751377,-1.2544996553208876,4.8781543109293235,0.6113334424557285,1.0778416058668734,-0.02767411546566967
207,1_248_bk_pic.pckl,sb1,se1,['F8'],8.338707313801244,25.45398048752888,-0.16899092320096087,-1.399747874383309,5.473329122567939,1.826200375129767,0.38068692862781434,-1.1493754420193834
208,1_248_bk_pic.pckl,sb1,se1,['F4'],10.045573573965981,29.21454657455644,-0.058838526806541364,-1.1943154135816703,4.773823841489998,1.7686479687896075,0.7589700690299569,-0.7708342705131574
209,1_248_bk_pic.pckl,sb1,se1,['Fz'],5.864914849176987,15.868633617613327,0.0730875536297928,-1.0348648381911674,2.33298619055915,0.9337916387051831,0.6498182938823212,0.7109449719519945
210,1_260_bk_pic.pckl,sb1,se1,['F8'],-64.57741893511808,4.495996681007857,0.4590999848065551,-1.499999999999998,10.952306664574406,2.7921043799727587,-0.6498790188290096,-1.4999999999999993
211,1_260_bk_pic.pckl,sb1,se1,['F4'],-80.53419237239548,10.379683851492379,0.44227820415546326,-1.5000000000000009,11.506976308121779,1.99188978021023,0.7068028714511237,-1.4999999999999998
212,1_260_bk_pic.pckl,sb1,se1,['Fz'],-44.36671500914812,4.660240492353497,0.3505680075835339,-1.500000000000001,5.647827275037309,1.3686579569135966,0.6791267892040832,-1.4999999999999982
213,1_440_bk_pic.pckl,sb1,se1,['F8'],-7.354137997973148,11.715791033524063,-2.04615627719795,3.3626431439103763,5.334580190834488,1.6261110939137438,-0.10858295748563307,-0.4248910001068853
214,1_440_bk_pic.pckl,sb1,se1,['F4'],-10.87556154566878,14.597228299433022,-2.0614622702720404,3.5768037517230535,4.20249965147466,1.4209105515642777,0.6789346879665292,-0.29786122715969965
215,1_440_bk_pic.pckl,sb1,se1,['Fz'],-7.846233505768832,11.00285221741034,-2.0607738936251465,3.35990952981654,1.7624305491183874,1.033400185950454,2.2104275074167608,4.870505891919447
216,1_182_bk_pic.pckl,sb1,se1,['F8'],-43.79806604689019,3.55760812776035,0.6853855245958163,-0.479434842724316,6.058280913693437,2.2703031811752603,0.7741239244999145,-0.8091005288993522
217,1_182_bk_pic.pckl,sb1,se1,['F4'],-52.08702374336542,4.1142352122548544,-1.3362696323233099,0.2097617036778754,5.11753320236301,2.238189346607282,1.1491700070306383,0.10494319222823068
218,1_182_bk_pic.pckl,sb1,se1,['Fz'],-26.738949461231357,4.506416610100858,-0.8660656204268554,-0.5666913526870032,1.893886354421986,1.2398702670837765,0.7954321793342142,-0.5676329637152695
219,1_180_bk_pic.pckl,sb1,se1,['F8'],5.346234517156659,17.15147123770687,-0.5197137250377903,-0.9308933719027088,9.634490397389387,4.005776314687082,0.9224154187272512,-0.16169983934777
220,1_180_bk_pic.pckl,sb1,se1,['F4'],8.567924134688154,24.57674831882088,0.07357679742606277,-0.9333208410327845,7.137568048794382,2.675399695610781,0.2569434619880828,-0.8015749264490521
221,1_180_bk_pic.pckl,sb1,se1,['Fz'],7.330342855824228,12.585765506760847,0.3534584694879965,-0.8665946129053546,2.200865572889095,1.3995166014946263,1.213158285212349,0.5462529288706142
222,1_130_bk_pic.pckl,sb1,se1,['F8'],18.79742126697937,4.033439058793243,-0.43846976824993156,-0.7491941424902344,8.419528905479622,2.7531087314541427,0.39455055212892715,-0.8399540901964131
223,1_130_bk_pic.pckl,sb1,se1,['F4'],51.020369658941185,4.971102969910338,0.41305691487687607,-1.0341333361489053,5.6630375230734735,2.9331468845264514,1.587556361935023,0.871461489006311
224,1_130_bk_pic.pckl,sb1,se1,['Fz'],26.356168939538303,4.350832085575615,0.5457183479647786,-0.9997367751165633,1.9088905560088356,1.3500722837073864,0.9966050685350968,-0.392317258438029
225,1_250_bk_pic.pckl,sb1,se1,['F8'],-19.060484727336227,16.217815149147693,-0.9641447503734042,-0.09129743025516479,9.303163608510681,4.893515250346447,0.7346495110656556,-1.2480721797433139
226,1_250_bk_pic.pckl,sb1,se1,['F4'],-35.85237794150615,28.932336928436843,-0.4441003860621896,-0.9886030842962374,8.09524451892355,3.6866056322484773,-0.16235184700893038,-1.4276596198122289
227,1_250_bk_pic.pckl,sb1,se1,['Fz'],-20.334539344208718,14.806565540336203,-0.3745539673742151,-1.155976065084647,3.8637140784201875,1.2974598099063397,0.1909730966210558,-1.29743139392318
228,1_432_bk_pic.pckl,sb1,se1,['F8'],-7.167639975528007,9.678786465384395,-0.6884814025695397,1.6372430351687441,6.6593587261609635,2.822349559407367,0.5082940084260917,-0.6139524023617438
229,1_432_bk_pic.pckl,sb1,se1,['F4'],-10.439868557529552,12.653200854615305,-1.8830266273495246,3.7206675174477564,4.964023145731881,2.335578427635364,0.9429717411016498,-0.14666057194087623
230,1_432_bk_pic.pckl,sb1,se1,['Fz'],-7.535660361959321,9.913285909339114,-2.0168466922199517,3.481239797649117,1.6803863748959846,1.0771541141110974,2.5857587975037055,7.956088634810621
231,1_430_bk_pic.pckl,sb1,se1,['F8'],-0.11464142337129771,6.92387520082418,-0.4329199416225614,0.26416604738374483,5.6415664220665,2.39495072445715,1.1526277612893143,0.5260315986006034
232,1_430_bk_pic.pckl,sb1,se1,['F4'],-2.5178606976831293,6.093036805979201,-0.9438737486528577,0.5200592363460905,4.250836873892436,1.7446369086748164,0.6446735904644754,-0.43500893269780416
233,1_430_bk_pic.pckl,sb1,se1,['Fz'],-0.6864464568650638,3.994367661226284,-1.1360176787357374,1.1897299096800484,1.4323375050224858,0.6617374282782357,2.408733914584248,7.785786910939816
234,1_228_bk_pic.pckl,sb1,se1,['F8'],81.65041733051329,3.770104671813924,-0.6860282394145284,-1.4999999999999967,12.443318794583902,4.509225317821792,0.6926348647633218,-1.500000000000001
235,1_228_bk_pic.pckl,sb1,se1,['F4'],113.19119922098606,3.6977912639192896,-0.12373870687431138,-1.4999999999999998,12.714690486646736,6.459586842958352,0.5536667577171838,-1.5000000000000009
236,1_228_bk_pic.pckl,sb1,se1,['Fz'],53.12983008443836,3.136159074423419,-0.5259615082782779,-1.499999999999997,5.3511440465167555,2.715741019280436,0.28482741622285035,-1.4999999999999998
237,1_442_bk_pic.pckl,sb1,se1,['F8'],7.341816269093009,14.078484816204469,1.4880163828491588,1.7819432442723278,5.485118320579243,2.124923589570633,0.07653171204005602,-0.9254167879861428
238,1_442_bk_pic.pckl,sb1,se1,['F4'],8.957552652579894,16.860628781884056,1.567984397419571,1.7054254827253938,4.044423179362443,1.6992404726146546,0.3645901569911874,-0.8617849378518141
239,1_442_bk_pic.pckl,sb1,se1,['Fz'],5.5258013523585605,11.567418906786886,2.1905426854582792,4.514739359627239,1.8158105797642492,1.2146393578389398,2.6934382112410025,6.6493128914923485
240,1_434_bk_pic.pckl,sb1,se1,['F8'],6.888117980402567,11.629732823200493,1.5927446928161548,2.612507809394617,6.401255993699838,2.375525864313206,0.3366673049067148,-0.13174070740757315
241,1_434_bk_pic.pckl,sb1,se1,['F4'],9.971600095838014,13.909125209859667,2.053340052958017,3.6926825353014916,4.5747524155918216,1.4172199492843343,0.21316565141668112,0.29448769441029343
242,1_434_bk_pic.pckl,sb1,se1,['Fz'],7.981890904295344,10.58324107709761,2.067416667298886,3.4325792421388925,1.6033989256763308,1.0591062942747567,2.187799843073865,5.877040328241966
243,1_232_bk_pic.pckl,sb1,se1,['F8'],0.6321757400535811,18.71932622320661,-0.3522982669678165,-0.5519451684777281,5.19490444098856,2.0214273236139766,0.3095872466405907,-1.1536296657905365
244,1_232_bk_pic.pckl,sb1,se1,['F4'],8.449002015607938,28.12758239853367,0.11543888467238747,-0.8411146403065608,4.8452910902414255,2.209355981296007,0.2272130652648997,-0.4546055577832848
245,1_232_bk_pic.pckl,sb1,se1,['Fz'],3.5453310247485463,16.135158346694514,0.1255281796374311,-0.9800382305433613,2.416404217845081,0.852938720248136,1.41416016435764,1.258754143013883
246,1_128_bk_pic.pckl,sb1,se1,['F8'],-5.732932444858116,6.280880688413389,0.13015603398284686,-1.2461373817239954,5.426261613156305,1.556139115046951,-0.6312458005314763,-1.0756609629942717
247,1_128_bk_pic.pckl,sb1,se1,['F4'],-11.33295273914306,14.023051058195216,-0.8788238215562374,-0.704642777504132,3.6216376472593224,1.7770477179654849,0.9144882203965462,-0.32110213438737656
248,1_128_bk_pic.pckl,sb1,se1,['Fz'],-5.442643273204563,10.677944450225434,-0.5024176503815706,-0.8356720422162942,1.913663804568248,1.2130676513641716,0.732507447216464,-0.8665116084510069
249,1_421_bk_pic.pckl,sb1,se1,['F8'],2.211298176781567,7.933927729747157,0.7167657993550534,0.2510120555048445,6.786948896527631,2.6456178505120844,0.9934071492407068,1.3854596247292932
250,1_421_bk_pic.pckl,sb1,se1,['F4'],3.3183350520559367,8.71484735878384,1.977567817966478,4.806780076956902,4.598828393875482,1.8441826286578604,1.1764453710378866,1.7430020269640956
251,1_421_bk_pic.pckl,sb1,se1,['Fz'],1.4166641234720085,3.229895538552788,2.467209810382926,7.2881183103748075,1.4332802695957196,0.7524904681126964,3.2550476761911287,15.010188330479519
252,1_426_bk_pic.pckl,sb1,se1,['F8'],-8.322843573594016,13.031572614990678,-2.324008821276033,6.36036161200389,5.988035970573301,2.3014566039557316,0.5908823040691497,-0.10180008608363034
253,1_426_bk_pic.pckl,sb1,se1,['F4'],-10.90362435210593,15.22077603657728,-2.3234371035857264,5.3509526748283776,3.8911174187904627,1.9165403724234173,1.31875178680749,1.7735333585757358
254,1_426_bk_pic.pckl,sb1,se1,['Fz'],-7.625456762045259,10.145792748234012,-2.1482108997980776,4.055344496878218,1.6024441139963932,1.1092278760252339,2.425859675400795,5.470258813374588
255,1_176_bk_pic.pckl,sb1,se1,['F8'],24.082873969242808,13.016978791931951,-0.5781981503699509,-1.4999999999999996,10.614078867901616,5.126618088102287,0.6638465048104369,-1.4999999999999993
256,1_176_bk_pic.pckl,sb1,se1,['F4'],29.47279688680364,18.580043385735525,-0.4975644643684603,-1.5000000000000004,11.513112914764653,3.4109079617345057,0.196868922342974,-1.5
257,1_176_bk_pic.pckl,sb1,se1,['Fz'],21.31325567200642,10.289271302437744,-0.44888882614031983,-1.5,6.403087009431496,0.9222771286342452,-0.6304468763099733,-1.5000000000000013
258,1_273_bk_pic.pckl,sb1,se1,['F8'],-7.5036593591015315,16.049795624644087,-1.9767627662809995,3.2200894796817288,6.077422690574728,2.5877617255596865,0.9184689062144968,0.3322518291336283
259,1_273_bk_pic.pckl,sb1,se1,['F4'],-6.620890143500968,15.26993231041551,-2.481568481227643,5.3371382937227505,4.248114739482194,1.678713889684048,0.7035749513439744,0.10705198071416877
260,1_273_bk_pic.pckl,sb1,se1,['Fz'],-3.6783740829311764,7.701331495395978,-2.7017734951787626,6.748328760403375,1.0734829226706553,0.7341354907010315,2.8782434823495877,9.4634172701877
261,1_132_bk_pic.pckl,sb1,se1,['F8'],59.74809183879044,4.6021292574232895,0.05110677046627874,-1.5000000000000002,8.514246498141404,1.9223670882026986,-0.5535788285688887,-1.5
262,1_132_bk_pic.pckl,sb1,se1,['F4'],94.0097553622747,4.533716195195934,0.5393519683228606,-1.4999999999999953,11.314303294331808,4.0004248105335405,0.3556484347088771,-1.4999999999999998
263,1_132_bk_pic.pckl,sb1,se1,['Fz'],43.854980334967586,2.056376201219768,-0.05117268460643827,-1.5,5.8083802125170685,1.9135418554906072,0.2649299734628397,-1.5
264,1_124_bk_pic.pckl,sb1,se1,['F8'],-32.03914859659108,13.603230302060355,0.41358433272253453,-1.5000000000000004,8.06752099372652,2.1731221967977685,0.6372752007000926,-1.4999999999999993
265,1_124_bk_pic.pckl,sb1,se1,['F4'],-33.97617699422385,15.885124951147343,0.4169250060077006,-1.5,9.604121896443749,2.447520156910825,0.6087992070013786,-1.5000000000000007
266,1_124_bk_pic.pckl,sb1,se1,['Fz'],-21.419006153485896,10.210730768107851,0.49864408112713077,-1.5000000000000004,6.303672136462798,0.8237310627267366,-0.7049663712193232,-1.5000000000000018
267,1_438_bk_pic.pckl,sb1,se1,['F8'],-1.561281426236087,24.387879174754115,1.487586803111239,1.7547204650142678,6.417603773753415,2.9335022891592413,0.47798582002262463,-0.83967691789179
268,1_438_bk_pic.pckl,sb1,se1,['F4'],-3.766406684011361,10.227349776009225,-1.2798352579116847,1.2440628531763034,4.054389231442549,1.9409105691646302,0.9772008353133426,0.24892952481167585
269,1_438_bk_pic.pckl,sb1,se1,['Fz'],0.21331482049343922,4.49955142442162,-0.29660208731349874,-0.015877114249725377,1.4263251745820884,0.9351897918689512,2.173333371728563,4.743086934776004
270,1_122_bk_pic.pckl,sb1,se1,['F8'],46.79015045837486,10.383846733604091,0.05708053062078758,-1.5090855018264073,7.015791031340904,1.9196761239315139,0.6401652634012689,-0.6030495058894902
271,1_122_bk_pic.pckl,sb1,se1,['F4'],73.75378875540802,4.976149208749607,0.8747822647672486,-0.3682771961144593,4.530328994757004,2.012024035828599,0.21759408176374243,-1.2635025281172065
272,1_122_bk_pic.pckl,sb1,se1,['Fz'],41.47446981907438,2.756598216869752,0.3876795284288947,-0.9483912233692062,1.9632779490301215,1.1815373716700943,0.46005769950109826,-1.0129546596082157
273,1_428_bk_pic.pckl,sb1,se1,['F8'],0.06597289808578992,5.879327710190286,-0.31922343168727796,-0.18091472571226497,6.706023598836095,2.4003674955025835,0.6873941987741662,0.4274843911298212
274,1_428_bk_pic.pckl,sb1,se1,['F4'],0.8962761488668353,4.455996398850846,0.621748218498564,0.18195663387449645,4.184065701086695,1.5786194434851266,0.8949031286947128,0.4318522257716668
275,1_428_bk_pic.pckl,sb1,se1,['Fz'],0.9500035098387394,4.284896675103944,0.7974712798509046,1.1104944962175027,1.3645990972344704,0.8005948838320195,3.028484493143261,10.879178826344303
